Designator,Footprint,Quantity,Value,LCSC Part #
"C1, C11, C14, C16, C17, C18, C28, C3, C31, C32, C33, C34, C44, C47, C52, C55, C57, C6, C7, C8, C9",0805,21,100nF-100V-10%-0805,C28233
"C10, C40, C46, C54",0603,4,10nF-50V-10%-0603,C57112
"C12, C13, C65, C66",0603,4,0.1uF,C14663
"C19, C20, C21, C22, C23, C24",CP_Radial_D16.0mm_P7.50mm,6,560uF-100V-P7.5mm-D16mm,
"C2, C41, C49",1206,3,1uF-100V-10%-1206,C13832
"C25, C30, C4, C43, C45, C5, C51, C53, C59, C60, C61, C62, C63, C64",2220,14,10uF-100V-10%-2220,C2843466
"C35, C36, C37, C38, C39",CP_EIA-7343-31_Kemet-D,5,47uF-16V-CASE_D,C7227
"D1, D6, D7",D_SMA,3,100V-2A-214AC,C14996
D2,0805,1,GREEN-0805,C2297
D3,0805,1,YELLOW-0805,C2296
D4,0805,1,RED-0805,C84256
D5,D_SMC,1,60V-0.75V@3A-SMC,C35722
FB1,0603,1,600Ω@100MHz-25%-0603,C1002
"H1, H2, H3, H4",MountingHole_3.2mm_M3,4,MountingHole,
J1,MOLEX_47272-0001,1,47272-0001,C711350
J2,USB_C_Receptacle_XKB_U262-16XN-4BVC11,1,USB_C_Receptacle_USB2.0,C319148
"J3, J4, J5, J7, J8",7466005R,5,Screw_Terminal_01x01,
J6,RJ45_Molex_0855135013_Vertical,1,Conn_01x08,
J9,PinHeader_2x07_P1.27mm_Vertical_SMD,1,Conn_02x07_Odd_Even,C2881912
"JP1, JP2",SolderJumper-2_P1.3mm_Open_RoundedPad1.0x1.5mm,2,SolderJumper_2_Open,
"JP3, JP4",SolderJumper-3_P1.3mm_Bridged12_RoundedPad1.0x1.5mm_NumberLabels,2,Jumper,
"L1, L2, L3",L_Sunlord_SWPA8040S,3,100uH-1A-20%-8x8mm,C83468
"Q1, Q2, Q3, Q4, Q5, Q6, Q7",Infineon_PG-HSOF-8-1_ThermalVias,7,HYG017N10NS1TA,C5205219
"Q10, Q11, Q12, Q13, Q8, Q9",Infineon_PG-HSOF-8-1_ThermalVias_GAPPED,6,HYG017N10NS1TA,C5205219
"R1, R19, R2, R20, R22, R24, R34, R35, R36, R37",0603,10,10kΩ-1%-0603,C25197
"R10, R11, R6, R9",0603,4,27Ω-0603-1%,C25190
"R12, R13, R14, R18, R21, R23, R25, R7",0603,8,100Ω-1%-0603,C22775
"R16, R17, R26, R27, R30, R31, R54",0805,7,10kΩ-0805-0.1%,C5159707
R3,0603,1,DNP 10kΩ-1%-0603,
"R38, R55, R56, R57, R58, R59, R60",0805,7,100kΩ-0805-1%,C149504
R39,0805,1,6.4kΩ-0805-0.1%,C865510
"R4, R5",0603,2,47Ω-1%-0603,C23182
R40,0805,1,3.6kΩ-0805-1%,C351568
R41,0805,1,2x10kΩ-0805-0.1%,C5159707
"R42, R43, R44, R45, R46, R47, R48, R49, R50, R51, R52, R53",0603,12,10Ω-0603-1%,C22859
"R61, R62, R63",BVBMR00110,3,300uΩ-2726-1%,C481539
"SW1, SW2",TS1187ABAB,2,SW_DIP_x01,C318884
U1,SOT-23,1,DNP LM4040DBZ-2.5 ,
U10,TO-263-5_TabPin3,1,LM2591HVS-12,C434500
U11,SOT-223-3_TabPin2,1,AMS1117-5.0,C6187
"U12, U14, U3",SOIC-8_3.9x4.9mm_P1.27mm,3,IRS21867S,C7432820
"U13, U15, U8",TSSOP-8_4.4x3mm_P0.65mm,3,CSA231MA,C5359409
U16,SOT-553,1,TPD2E2U06,C1972959
U17,MSOP-10_3x3mm_P0.5mm,1,LM5060,C2676940
U2,QFN-48-1EP_7x7mm_P0.5mm_EP5.6x5.6mm,1,STM32G431CBUx,C529356
U4,SOP-8_6.62x9.15mm_P2.54mm,1,ISO1050DUB,C16428
U5,SOIC-16_3.9x9.9mm_P1.27mm,1,SN65LVDS31D,C1508988
U6,SOIC-16_3.9x9.9mm_P1.27mm,1,SN65LVDS33D,C1508989
U7,SOIC-16W_7.5x10.3mm_P1.27mm,1,ADUM4160,C57791
U9,SOT-223-3_TabPin2,1,AMS1117-3.3,C6186
